<?xml version="1.0" encoding="UTF-8"?>
<project-private xmlns="http://www.netbeans.org/ns/project-private/1">
    <editor-bookmarks xmlns="http://www.netbeans.org/ns/editor-bookmarks/2" lastBookmarkId="0"/>
    <open-files xmlns="http://www.netbeans.org/ns/projectui-open-files/2">
        <group>
            <file>file:/D:/Kuliah/Semester%203/Praktikum%20PBO/PraktikumPBO_10/src/praktikum10/MainPembayaran.java</file>
            <file>file:/D:/Kuliah/Semester%203/Praktikum%20PBO/PraktikumPBO_10/src/praktikum10/Makanan.java</file>
            <file>file:/D:/Kuliah/Semester%203/Praktikum%20PBO/PraktikumPBO_10/src/praktikum10/Pembayaran.java</file>
            <file>file:/D:/Kuliah/Semester%203/Praktikum%20PBO/PraktikumPBO_10/src/praktikum10/Elektronik.java</file>
        </group>
    </open-files>
</project-private>
