<?xml version="1.0" encoding="UTF-8"?>
<project-private xmlns="http://www.netbeans.org/ns/project-private/1">
    <editor-bookmarks xmlns="http://www.netbeans.org/ns/editor-bookmarks/2" lastBookmarkId="0"/>
    <open-files xmlns="http://www.netbeans.org/ns/projectui-open-files/2">
        <group>
            <file>file:/D:/Kuliah/Semester%203/Praktikum%20PBO/PraktikumPBO_12/src/praktikum12/InventorySystem.java</file>
            <file>file:/D:/Kuliah/Semester%203/Praktikum%20PBO/PraktikumPBO_12/src/praktikum12/Buku.java</file>
            <file>file:/D:/Kuliah/Semester%203/Praktikum%20PBO/PraktikumPBO_12/src/praktikum12/SerializationPractice.java</file>
            <file>file:/D:/Kuliah/Semester%203/Praktikum%20PBO/PraktikumPBO_12/src/praktikum12/FileIOPractice.java</file>
            <file>file:/D:/Kuliah/Semester%203/Praktikum%20PBO/PraktikumPBO_12/src/praktikum12/Produk.java</file>
            <file>file:/D:/Kuliah/Semester%203/Praktikum%20PBO/PraktikumPBO_12/src/praktikum12/LibrarySystem.java</file>
        </group>
    </open-files>
</project-private>
